<?xml version="1.0" encoding="UTF-8" standalone="no"?>
<folder dummy="true" handle="" name="" path="/">
    <folder dummy="true" handle="" name="SSYS" path="IBFS:/SSYS">
        <folder dummy="true" handle="" name="GROUPS" path="IBFS:/SSYS/GROUPS">
            <folder dummy="true" handle="" name="CRM_REPORTS" path="IBFS:/SSYS/GROUPS/CRM_REPORTS">
                <folder dummy="false" handle="15358976" name="AdvancedUsers" path="IBFS:/SSYS/GROUPS/CRM_REPORTS/AdvancedUsers" users=""/>
                <folder dummy="false" handle="99238916" name="BasicUsers" path="IBFS:/SSYS/GROUPS/CRM_REPORTS/BasicUsers" users=""/>
                <folder dummy="false" handle="199914496" name="Developers" path="IBFS:/SSYS/GROUPS/CRM_REPORTS/Developers" users=""/>
                <folder dummy="false" handle="837424146" name="GroupAdmins" path="IBFS:/SSYS/GROUPS/CRM_REPORTS/GroupAdmins" users=""/>
            </folder>
            <folder dummy="true" handle="" name="Dynamics_Reporting" path="IBFS:/SSYS/GROUPS/Dynamics_Reporting">
                <folder dummy="false" handle="15989752" name="BI_Developer" path="IBFS:/SSYS/GROUPS/Dynamics_Reporting/BI_Developer" users=""/>
            </folder>
        </folder>
        <folder dummy="true" handle="" name="ROLES" path="IBFS:/SSYS/ROLES">
            <item dummy="false" handle="500712664" name="BasicUser" path="IBFS:/SSYS/ROLES/BasicUser"/>
            <item dummy="false" handle="1661257728" name="DomainAdvancedUser" path="IBFS:/SSYS/ROLES/DomainAdvancedUser"/>
            <item dummy="false" handle="1577383938" name="DomainBasicUser" path="IBFS:/SSYS/ROLES/DomainBasicUser"/>
            <item dummy="false" handle="1141151745" name="DomainDeveloper" path="IBFS:/SSYS/ROLES/DomainDeveloper"/>
            <item dummy="false" handle="1225021444" name="DomainDeveloperRestrictions" path="IBFS:/SSYS/ROLES/DomainDeveloperRestrictions"/>
            <item dummy="false" handle="1090136064" name="DomainGroupAdmin" path="IBFS:/SSYS/ROLES/DomainGroupAdmin"/>
            <item dummy="false" handle="1492723710" name="DomainGroupAdminRestrictions" path="IBFS:/SSYS/ROLES/DomainGroupAdminRestrictions"/>
        </folder>
    </folder>
    <folder dummy="true" handle="" name="WFC" path="IBFS:/WFC">
        <folder dummy="true" handle="" name="Repository" path="IBFS:/WFC/Repository">
            <folder dummy="false" handle="6243aec6_25b8_4793_a206_e7f5669f1231" name="Dynamics_Reporting" path="IBFS:/WFC/Repository/Dynamics_Reporting">
                <folder dummy="false" handle="491fc2b0_e036_40e7_85d7_df01ecf9b8c4" name="Common" path="IBFS:/WFC/Repository/Dynamics_Reporting/Common">
                    <item dummy="false" handle="ad259610_07c5_46b5_8aed_7a6ca7525fc1" name="Link_Acoount_Owner_CRM.fex" path="IBFS:/WFC/Repository/Dynamics_Reporting/Common/Link_Acoount_Owner_CRM.fex"/>
                    <item dummy="false" handle="3fce6092_ea14_4979_bea8_947253ad2e01" name="Link_Opportunity_CRM.fex" path="IBFS:/WFC/Repository/Dynamics_Reporting/Common/Link_Opportunity_CRM.fex"/>
                    <item dummy="false" handle="839788b0_0794_4c28_9bb4_f98e6f36065b" name="Link_Opportunity_Owner_CRM.fex" path="IBFS:/WFC/Repository/Dynamics_Reporting/Common/Link_Opportunity_Owner_CRM.fex"/>
                    <item dummy="false" handle="3f187ee8_3fb4_46e7_b282_95deb27c9329" name="Link_Product_CRM.fex" path="IBFS:/WFC/Repository/Dynamics_Reporting/Common/Link_Product_CRM.fex"/>
                    <folder dummy="false" handle="9ceaad22_5d6a_45bf_9c3b_ba6b21dcb93c" name="Reports" path="IBFS:/WFC/Repository/Dynamics_Reporting/Common/Reports">
                        <item dummy="false" handle="e1ce70e0_daff_4204_8671_8268e27f1e70" name="NSO_Reports.htm" path="IBFS:/WFC/Repository/Dynamics_Reporting/Common/Reports/NSO_Reports.htm"/>
                        <folder dummy="false" handle="55c92e88_8270_4761_acba_01a4adde4bdb" name="temp" path="IBFS:/WFC/Repository/Dynamics_Reporting/Common/Reports/temp">
                            <folder dummy="false" handle="ee5dbaa4_bb6a_49b0_8d90_9d9560131f40" name="Doug" path="IBFS:/WFC/Repository/Dynamics_Reporting/Common/Reports/temp/Doug"/>
                            <folder dummy="false" handle="433711a2_cab5_432c_9684_cc2503b393d7" name="Shravan" path="IBFS:/WFC/Repository/Dynamics_Reporting/Common/Reports/temp/Shravan">
                                <item dummy="false" handle="bef44ed8_90fa_41fb_809e_ed2de7a67ffd" name="BD_Booked_Revenue_Annuity.fex" path="IBFS:/WFC/Repository/Dynamics_Reporting/Common/Reports/temp/Shravan/BD_Booked_Revenue_Annuity.fex"/>
                                <item dummy="false" handle="a9f643ef_27d9_4dd5_b539_2c0238b0b67b" name="BD_Booked_Revenue_Annuity_1.fex" path="IBFS:/WFC/Repository/Dynamics_Reporting/Common/Reports/temp/Shravan/BD_Booked_Revenue_Annuity_1.fex"/>
                                <item dummy="false" handle="22f758ac_6632_440c_8160_03222b2d6b12" name="InfoReportSKPTest.fex" path="IBFS:/WFC/Repository/Dynamics_Reporting/Common/Reports/temp/Shravan/InfoReportSKPTest.fex"/>
                                <item dummy="false" handle="d1062668_671c_4d13_8e17_0d0c69333651" name="OppLoopSKPTest.fex" path="IBFS:/WFC/Repository/Dynamics_Reporting/Common/Reports/temp/Shravan/OppLoopSKPTest.fex"/>
                                <item dummy="false" handle="87859f96_3960_423a_8d69_4004cee1579a" name="Procedure1.fex" path="IBFS:/WFC/Repository/Dynamics_Reporting/Common/Reports/temp/Shravan/Procedure1.fex"/>
                            </folder>
                        </folder>
                    </folder>
                    <item dummy="false" handle="2d33c0e0_ab9f_46a9_826f_b51ba765701c" name="crm_report.sty" path="IBFS:/WFC/Repository/Dynamics_Reporting/Common/crm_report.sty"/>
                    <item dummy="false" handle="aeca8236_f2cd_4a79_be95_176e58c76eb7" name="crm_report_IA.sty" path="IBFS:/WFC/Repository/Dynamics_Reporting/Common/crm_report_IA.sty"/>
                    <item dummy="false" handle="6c2756a1_48d9_48e3_92d1_94608fc4f9b4" name="portal_loader.fex" path="IBFS:/WFC/Repository/Dynamics_Reporting/Common/portal_loader.fex"/>
                    <item dummy="false" handle="cf563dc6_581c_4d7b_b50d_cee0b61191df" name="rsm_ui.js" path="IBFS:/WFC/Repository/Dynamics_Reporting/Common/rsm_ui.js"/>
                </folder>
                <folder dummy="false" handle="253e4452_e170_4b8a_bffb_7d50e31bd3b9" name="Dashboards" path="IBFS:/WFC/Repository/Dynamics_Reporting/Dashboards">
                    <folder dummy="false" handle="02dffada_2151_487b_ae15_c11628e17cc4" name="Common" path="IBFS:/WFC/Repository/Dynamics_Reporting/Dashboards/Common">
                        <item dummy="false" handle="0894e2b4_2812_41c2_9b1b_8378e017a4bc" name="dashboard_global_filters.fex" path="IBFS:/WFC/Repository/Dynamics_Reporting/Dashboards/Common/dashboard_global_filters.fex"/>
                        <item dummy="false" handle="aca3abcd_3b0f_4393_81a8_2da93681ab9c" name="dashboards.css" path="IBFS:/WFC/Repository/Dynamics_Reporting/Dashboards/Common/dashboards.css"/>
                        <item dummy="false" handle="c9218184_9350_4629_9752_89c914c30ee1" name="error_in_dashboard_object.htm" path="IBFS:/WFC/Repository/Dynamics_Reporting/Dashboards/Common/error_in_dashboard_object.htm"/>
                        <item dummy="false" handle="208f63c2_a900_4cb9_b73a_f53757252202" name="no_data_in_dashboard.htm" path="IBFS:/WFC/Repository/Dynamics_Reporting/Dashboards/Common/no_data_in_dashboard.htm"/>
                        <item dummy="false" handle="65d3c590_b34f_4432_b7f8_1fe5ae032c1e" name="rsm_dashboard.sty" path="IBFS:/WFC/Repository/Dynamics_Reporting/Dashboards/Common/rsm_dashboard.sty"/>
                        <item dummy="false" handle="d080b0e5_06b6_431d_97c9_1e5f6dedd0d5" name="validate_dashboard_object.fex" path="IBFS:/WFC/Repository/Dynamics_Reporting/Dashboards/Common/validate_dashboard_object.fex"/>
                    </folder>
                    <folder dummy="false" handle="59a3a898_3ce5_4c60_8689_bf8a8e5eece8" name="Sales" path="IBFS:/WFC/Repository/Dynamics_Reporting/Dashboards/Sales">
                        <folder dummy="false" handle="2956c801_02a8_44b4_8714_ee1be3ba7d3c" name="Growth_Dashboard" path="IBFS:/WFC/Repository/Dynamics_Reporting/Dashboards/Sales/Growth_Dashboard">
                            <item dummy="false" handle="cee57b00_7183_4a8d_b6e2_ab037f20f047" name="call_dashboard.fex" path="IBFS:/WFC/Repository/Dynamics_Reporting/Dashboards/Sales/Growth_Dashboard/call_dashboard.fex"/>
                            <item dummy="false" handle="72ccd7b8_3358_4c85_b584_95720531bb26" name="call_infoassist.fex" path="IBFS:/WFC/Repository/Dynamics_Reporting/Dashboards/Sales/Growth_Dashboard/call_infoassist.fex"/>
                            <item dummy="false" handle="60a81653_abe3_4ade_9bec_559b17cc5e90" name="dashboard_edit_access.fex" path="IBFS:/WFC/Repository/Dynamics_Reporting/Dashboards/Sales/Growth_Dashboard/dashboard_edit_access.fex"/>
                            <item dummy="false" handle="dcc14d9d_915d_4357_b32a_021d71ab5a46" name="growth_dashboard.htm" path="IBFS:/WFC/Repository/Dynamics_Reporting/Dashboards/Sales/Growth_Dashboard/growth_dashboard.htm"/>
                            <item dummy="false" handle="cfb68de9_02a2_4908_adf8_78b60508a8a4" name="growth_dashboard.js" path="IBFS:/WFC/Repository/Dynamics_Reporting/Dashboards/Sales/Growth_Dashboard/growth_dashboard.js"/>
                            <item dummy="false" handle="025ce7e1_257f_4892_8c47_14ee03b54598" name="run_component1.fex" path="IBFS:/WFC/Repository/Dynamics_Reporting/Dashboards/Sales/Growth_Dashboard/run_component1.fex"/>
                            <item dummy="false" handle="d88ac543_a34b_4c42_872c_e8e7b5563ca1" name="run_component2.fex" path="IBFS:/WFC/Repository/Dynamics_Reporting/Dashboards/Sales/Growth_Dashboard/run_component2.fex"/>
                            <item dummy="false" handle="f1f54b9b_bd64_449e_8813_dc6d2ba93152" name="run_component3.fex" path="IBFS:/WFC/Repository/Dynamics_Reporting/Dashboards/Sales/Growth_Dashboard/run_component3.fex"/>
                            <item dummy="false" handle="7e5fd7e6_64a9_4539_a90e_ef8835781073" name="run_component4.fex" path="IBFS:/WFC/Repository/Dynamics_Reporting/Dashboards/Sales/Growth_Dashboard/run_component4.fex"/>
                            <item dummy="false" handle="4509896c_6b19_46a4_9f42_e8cfc45a88df" name="run_component5.fex" path="IBFS:/WFC/Repository/Dynamics_Reporting/Dashboards/Sales/Growth_Dashboard/run_component5.fex"/>
                            <item dummy="false" handle="864c12ba_5128_45f2_b78e_06a1219f5e9f" name="run_component6.fex" path="IBFS:/WFC/Repository/Dynamics_Reporting/Dashboards/Sales/Growth_Dashboard/run_component6.fex"/>
                        </folder>
                        <folder dummy="false" handle="6d5932c1_1f00_4355_baee_57a1dfe3a0db" name="Pipeline_Dashboard" path="IBFS:/WFC/Repository/Dynamics_Reporting/Dashboards/Sales/Pipeline_Dashboard">
                            <item dummy="false" handle="189495e3_9c0b_4843_8d7b_ac6da412bb5b" name="call_dashboard.fex" path="IBFS:/WFC/Repository/Dynamics_Reporting/Dashboards/Sales/Pipeline_Dashboard/call_dashboard.fex"/>
                            <item dummy="false" handle="611ffc26_834e_45cd_82fd_72514adf4e89" name="call_infoassist.fex" path="IBFS:/WFC/Repository/Dynamics_Reporting/Dashboards/Sales/Pipeline_Dashboard/call_infoassist.fex"/>
                            <item dummy="false" handle="9a8f92b1_a837_4743_9f47_102b48648b45" name="pipeline_dashboard.htm" path="IBFS:/WFC/Repository/Dynamics_Reporting/Dashboards/Sales/Pipeline_Dashboard/pipeline_dashboard.htm"/>
                            <item dummy="false" handle="d8c803b1_f312_4c48_82af_d43f7533bff2" name="pipeline_dashboard.js" path="IBFS:/WFC/Repository/Dynamics_Reporting/Dashboards/Sales/Pipeline_Dashboard/pipeline_dashboard.js"/>
                            <item dummy="false" handle="8593e20e_4790_419f_920e_4b5a1ff272d2" name="run_component1.fex" path="IBFS:/WFC/Repository/Dynamics_Reporting/Dashboards/Sales/Pipeline_Dashboard/run_component1.fex"/>
                            <item dummy="false" handle="46d9b51b_dd6a_4429_ac07_51dcf6bcbe2b" name="run_component2.fex" path="IBFS:/WFC/Repository/Dynamics_Reporting/Dashboards/Sales/Pipeline_Dashboard/run_component2.fex"/>
                            <item dummy="false" handle="14cf59a9_0f27_4c50_9599_e40376dfe44f" name="run_component3.fex" path="IBFS:/WFC/Repository/Dynamics_Reporting/Dashboards/Sales/Pipeline_Dashboard/run_component3.fex"/>
                            <item dummy="false" handle="1d90cb88_b716_469f_b90c_133a2857ee94" name="run_component4.fex" path="IBFS:/WFC/Repository/Dynamics_Reporting/Dashboards/Sales/Pipeline_Dashboard/run_component4.fex"/>
                            <item dummy="false" handle="9c22b735_f149_494d_8056_b258bb48aab6" name="run_component5.fex" path="IBFS:/WFC/Repository/Dynamics_Reporting/Dashboards/Sales/Pipeline_Dashboard/run_component5.fex"/>
                            <item dummy="false" handle="fdeaf7a5_2312_481f_9a07_198aced2e109" name="run_component6.fex" path="IBFS:/WFC/Repository/Dynamics_Reporting/Dashboards/Sales/Pipeline_Dashboard/run_component6.fex"/>
                        </folder>
                    </folder>
                </folder>
                <folder dummy="false" handle="b8b5a15d_4e49_4bc4_a53a_a7f433806c26" name="Hidden_Content" path="IBFS:/WFC/Repository/Dynamics_Reporting/Hidden_Content"/>
                <folder dummy="false" handle="29dc9ce6_a8bc_4800_8694_66d404983a86" name="Marketing" path="IBFS:/WFC/Repository/Dynamics_Reporting/Marketing"/>
                <folder dummy="false" handle="295cabb4_9feb_467d_a5c5_5b1061bff41b" name="PSA" path="IBFS:/WFC/Repository/Dynamics_Reporting/PSA"/>
                <folder dummy="false" handle="babf7728_3901_49ce_b534_767ffc2e164f" name="RM" path="IBFS:/WFC/Repository/Dynamics_Reporting/RM">
                    <folder dummy="false" handle="b3b3b597_f68b_4547_bc22_314be6a6daa4" name="IT" path="IBFS:/WFC/Repository/Dynamics_Reporting/RM/IT"/>
                    <folder dummy="false" handle="5f2cba8a_0187_49d9_8f3e_68d60d0d70fd" name="InfoAssist" path="IBFS:/WFC/Repository/Dynamics_Reporting/RM/InfoAssist">
                        <folder dummy="false" handle="e1cce8e0_5f29_4ab2_8097_bf5978f13ff6" name="InfoMini" path="IBFS:/WFC/Repository/Dynamics_Reporting/RM/InfoAssist/InfoMini"/>
                    </folder>
                    <folder dummy="false" handle="b262dcad_c4ce_40ec_98ad_cf5791eb30ad" name="Public" path="IBFS:/WFC/Repository/Dynamics_Reporting/RM/Public"/>
                </folder>
                <folder dummy="false" handle="0fb6c7f0_b64f_46ce_b2a0_60e39fd75d27" name="Sales" path="IBFS:/WFC/Repository/Dynamics_Reporting/Sales">
                    <folder dummy="false" handle="fd9a6d2f_46cb_4a20_aacb_7fa05982b0a3" name="IT" path="IBFS:/WFC/Repository/Dynamics_Reporting/Sales/IT">
                        <item dummy="false" handle="2212cc09_2088_44f0_8095_04f30133a91b" name="BD_Booked_Revenue_Annuity.fex" path="IBFS:/WFC/Repository/Dynamics_Reporting/Sales/IT/BD_Booked_Revenue_Annuity.fex"/>
                        <item dummy="false" handle="509a3ba2_f6f0_4ab8_801b_485935845097" name="BD_Booked_Revenue_Annuity_InfoMini.fex" path="IBFS:/WFC/Repository/Dynamics_Reporting/Sales/IT/BD_Booked_Revenue_Annuity_InfoMini.fex"/>
                        <folder dummy="false" handle="12de82bb_d2c3_406d_a1ab_2ed2c7b8e7f3" name="Dashboards" path="IBFS:/WFC/Repository/Dynamics_Reporting/Sales/IT/Dashboards">
                            <folder dummy="false" handle="d86eea88_8fa7_4e9f_9daf_3d21eebe00cf" name="Growth_Dashboard" path="IBFS:/WFC/Repository/Dynamics_Reporting/Sales/IT/Dashboards/Growth_Dashboard">
                                <item dummy="false" handle="f13f83d8_567b_4299_93c9_a55508a75374" name="international_wins_credit_approved_fiscal_year.fex" path="IBFS:/WFC/Repository/Dynamics_Reporting/Sales/IT/Dashboards/Growth_Dashboard/international_wins_credit_approved_fiscal_year.fex"/>
                                <item dummy="false" handle="79883fb3_0be2_4e8c_b185_fe8f6f664e0c" name="wins_by_industry_current_fiscal_year.fex" path="IBFS:/WFC/Repository/Dynamics_Reporting/Sales/IT/Dashboards/Growth_Dashboard/wins_by_industry_current_fiscal_year.fex"/>
                                <item dummy="false" handle="69c35836_38aa_4732_a566_8463bff6956f" name="wins_by_lob_current_fiscal_year.fex" path="IBFS:/WFC/Repository/Dynamics_Reporting/Sales/IT/Dashboards/Growth_Dashboard/wins_by_lob_current_fiscal_year.fex"/>
                                <item dummy="false" handle="3bf6e554_21bf_4bdd_905a_0c7bebe7245f" name="won_lost_withdrawn_current_fiscal.fex" path="IBFS:/WFC/Repository/Dynamics_Reporting/Sales/IT/Dashboards/Growth_Dashboard/won_lost_withdrawn_current_fiscal.fex"/>
                                <item dummy="false" handle="5d0b6237_c2c6_4477_8142_a047e9b85835" name="won_to_goal_current_fiscal_year.fex" path="IBFS:/WFC/Repository/Dynamics_Reporting/Sales/IT/Dashboards/Growth_Dashboard/won_to_goal_current_fiscal_year.fex"/>
                                <item dummy="false" handle="f276ef72_9461_46a6_8465_1f5fe1923f78" name="won_to_goal_for_current_fiscal_quarter.fex" path="IBFS:/WFC/Repository/Dynamics_Reporting/Sales/IT/Dashboards/Growth_Dashboard/won_to_goal_for_current_fiscal_quarter.fex"/>
                            </folder>
                            <folder dummy="false" handle="89d0ea1e_80fd_4e44_a756_27b3fb6236f9" name="Pipeline_Dashboard" path="IBFS:/WFC/Repository/Dynamics_Reporting/Sales/IT/Dashboards/Pipeline_Dashboard">
                                <item dummy="false" handle="06cb811c_ca81_4b28_8ea3_c14fa16f41f1" name="in_progress_to_goal_this_fiscal_quarter.fex" path="IBFS:/WFC/Repository/Dynamics_Reporting/Sales/IT/Dashboards/Pipeline_Dashboard/in_progress_to_goal_this_fiscal_quarter.fex"/>
                                <item dummy="false" handle="477326a5_3e8c_4569_a11b_b2a8474bd03e" name="international_pipeline.fex" path="IBFS:/WFC/Repository/Dynamics_Reporting/Sales/IT/Dashboards/Pipeline_Dashboard/international_pipeline.fex"/>
                                <item dummy="false" handle="8839f2fd_ac04_4cd4_88a2_52c4682cd0f8" name="pipeline_by_industry.fex" path="IBFS:/WFC/Repository/Dynamics_Reporting/Sales/IT/Dashboards/Pipeline_Dashboard/pipeline_by_industry.fex"/>
                                <item dummy="false" handle="fa615900_6382_4004_a4cd_e5c360091a31" name="pipeline_by_lob.fex" path="IBFS:/WFC/Repository/Dynamics_Reporting/Sales/IT/Dashboards/Pipeline_Dashboard/pipeline_by_lob.fex"/>
                                <item dummy="false" handle="d37c3c7f_e07c_447c_8fbe_e963c2ac1f34" name="pipeline_by_stage.fex" path="IBFS:/WFC/Repository/Dynamics_Reporting/Sales/IT/Dashboards/Pipeline_Dashboard/pipeline_by_stage.fex"/>
                            </folder>
                        </folder>
                        <item dummy="false" handle="62368234_8469_4b92_b2c2_665bf44c8dcb" name="Geographic_Coverage_by_BDs.fex" path="IBFS:/WFC/Repository/Dynamics_Reporting/Sales/IT/Geographic_Coverage_by_BDs.fex"/>
                        <item dummy="false" handle="0f6f78bb_1a80_4845_9653_cc62c4f51dc0" name="Geographic_Coverage_by_BDs_InfoMini.fex" path="IBFS:/WFC/Repository/Dynamics_Reporting/Sales/IT/Geographic_Coverage_by_BDs_InfoMini.fex"/>
                        <item dummy="false" handle="f9047ca9_eecd_4469_8acf_8074b959d69d" name="International_Wins_by_BD.fex" path="IBFS:/WFC/Repository/Dynamics_Reporting/Sales/IT/International_Wins_by_BD.fex"/>
                        <item dummy="false" handle="7e347eb7_40fa_4454_8f99_51777b37a1b0" name="International_Wins_by_BD_InfoMini.fex" path="IBFS:/WFC/Repository/Dynamics_Reporting/Sales/IT/International_Wins_by_BD_InfoMini.fex"/>
                        <item dummy="false" handle="e3cdff9d_fa76_44f9_90dc_14aa0c913a82" name="NSO_Split_Opps.fex" path="IBFS:/WFC/Repository/Dynamics_Reporting/Sales/IT/NSO_Split_Opps.fex"/>
                        <item dummy="false" handle="3156b7e7_3ffd_4e59_af1b_5c9a058aa703" name="NSO_Split_Opps_InfoMini.fex" path="IBFS:/WFC/Repository/Dynamics_Reporting/Sales/IT/NSO_Split_Opps_InfoMini.fex"/>
                        <item dummy="false" handle="02a774c3_7cb0_475b_90fb_93c0d7905734" name="Opp_Stage_Progression_02a774c3_7cb0_475b_90fb_93c0d7905734.fex" path="IBFS:/WFC/Repository/Dynamics_Reporting/Sales/IT/Opp_Stage_Progression_02a774c3_7cb0_475b_90fb_93c0d7905734.fex"/>
                        <item dummy="false" handle="0b6645a3_8ef3_40e2_bf89_fc0f10285f4a" name="Opp_Stage_Progression_InfoMini.fex" path="IBFS:/WFC/Repository/Dynamics_Reporting/Sales/IT/Opp_Stage_Progression_InfoMini.fex"/>
                        <item dummy="false" handle="ea955e24_7f72_422c_861c_29613ff79e91" name="RAS_Tax_Strategic_Initiation_10_Wins_InfoMini.fex" path="IBFS:/WFC/Repository/Dynamics_Reporting/Sales/IT/RAS_Tax_Strategic_Initiation_10_Wins_InfoMini.fex"/>
                        <item dummy="false" handle="35269e8b_440e_4288_aea7_0ee93ac31084" name="RAS_Tax__Strategic_Initiation_10_Wins.fex" path="IBFS:/WFC/Repository/Dynamics_Reporting/Sales/IT/RAS_Tax__Strategic_Initiation_10_Wins.fex"/>
                        <item dummy="false" handle="671aae82_d631_434e_9aba_25d458a74c36" name="Service_Mix.fex" path="IBFS:/WFC/Repository/Dynamics_Reporting/Sales/IT/Service_Mix.fex"/>
                        <item dummy="false" handle="64f766dd_e1d2_4bed_b791_7abd29a30d23" name="Service_Mix_InfoMini.fex" path="IBFS:/WFC/Repository/Dynamics_Reporting/Sales/IT/Service_Mix_InfoMini.fex"/>
                    </folder>
                    <folder dummy="false" handle="fdd2984b_7214_4816_8ebc_2c94c9b00e7d" name="InfoAssist" path="IBFS:/WFC/Repository/Dynamics_Reporting/Sales/InfoAssist">
                        <item dummy="false" handle="d8b20762_883d_4f0b_9178_81b3223f842b" name="BD_Booked_Revenue_Annuity.fex" path="IBFS:/WFC/Repository/Dynamics_Reporting/Sales/InfoAssist/BD_Booked_Revenue_Annuity.fex"/>
                        <folder dummy="false" handle="6c1d1244_6736_4100_b88c_114c3c6ae7dd" name="Dashboards" path="IBFS:/WFC/Repository/Dynamics_Reporting/Sales/InfoAssist/Dashboards">
                            <folder dummy="false" handle="b6cf4784_84d7_46db_a057_783087f77e9e" name="Growth_Dashboard" path="IBFS:/WFC/Repository/Dynamics_Reporting/Sales/InfoAssist/Dashboards/Growth_Dashboard">
                                <item dummy="false" handle="cf2e3fec_120c_46fa_8905_357491b73d17" name="international_wins_credit_approved_fiscal_year.fex" path="IBFS:/WFC/Repository/Dynamics_Reporting/Sales/InfoAssist/Dashboards/Growth_Dashboard/international_wins_credit_approved_fiscal_year.fex"/>
                                <item dummy="false" handle="b9c8355a_edb8_4bd3_baa2_0eeea50a02ad" name="wins_by_industry_current_fiscal_year.fex" path="IBFS:/WFC/Repository/Dynamics_Reporting/Sales/InfoAssist/Dashboards/Growth_Dashboard/wins_by_industry_current_fiscal_year.fex"/>
                                <item dummy="false" handle="18e77fef_ed79_4662_965c_f5ea50e1a929" name="wins_by_lob_current_fiscal_year.fex" path="IBFS:/WFC/Repository/Dynamics_Reporting/Sales/InfoAssist/Dashboards/Growth_Dashboard/wins_by_lob_current_fiscal_year.fex"/>
                                <item dummy="false" handle="105468c4_29df_49f6_b452_97097bf7a151" name="won_lost_withdrawn_current_fiscal.fex" path="IBFS:/WFC/Repository/Dynamics_Reporting/Sales/InfoAssist/Dashboards/Growth_Dashboard/won_lost_withdrawn_current_fiscal.fex"/>
                                <item dummy="false" handle="7101ea68_4fc6_46e9_b0bc_4eb3392289f6" name="won_to_goal_current_fiscal_year.fex" path="IBFS:/WFC/Repository/Dynamics_Reporting/Sales/InfoAssist/Dashboards/Growth_Dashboard/won_to_goal_current_fiscal_year.fex"/>
                                <item dummy="false" handle="1054cb41_5f8b_493a_8de6_1c365a28bacc" name="won_to_goal_for_current_fiscal_quarter.fex" path="IBFS:/WFC/Repository/Dynamics_Reporting/Sales/InfoAssist/Dashboards/Growth_Dashboard/won_to_goal_for_current_fiscal_quarter.fex"/>
                            </folder>
                            <folder dummy="false" handle="ab351c4e_00d9_43c7_aec5_cf1b8f9b9b5e" name="Pipeline_Dashboard" path="IBFS:/WFC/Repository/Dynamics_Reporting/Sales/InfoAssist/Dashboards/Pipeline_Dashboard">
                                <item dummy="false" handle="87e556b5_d9db_4208_91ef_d9b69f95b94e" name="in_progress_to_goal_this_fiscal_quarter.fex" path="IBFS:/WFC/Repository/Dynamics_Reporting/Sales/InfoAssist/Dashboards/Pipeline_Dashboard/in_progress_to_goal_this_fiscal_quarter.fex"/>
                                <item dummy="false" handle="3e7e1c20_7215_43b6_886b_d4440961a064" name="international_pipeline.fex" path="IBFS:/WFC/Repository/Dynamics_Reporting/Sales/InfoAssist/Dashboards/Pipeline_Dashboard/international_pipeline.fex"/>
                                <item dummy="false" handle="97c6b53b_500c_45d7_8d0d_613a557ec00b" name="pipeline_by_industry.fex" path="IBFS:/WFC/Repository/Dynamics_Reporting/Sales/InfoAssist/Dashboards/Pipeline_Dashboard/pipeline_by_industry.fex"/>
                                <item dummy="false" handle="bc2794a0_d4b0_432e_9bff_1bb08eabc8a6" name="pipeline_by_lob.fex" path="IBFS:/WFC/Repository/Dynamics_Reporting/Sales/InfoAssist/Dashboards/Pipeline_Dashboard/pipeline_by_lob.fex"/>
                                <item dummy="false" handle="79426a8d_cbfb_4a7d_8f1b_8c397b6191ff" name="pipeline_by_stage.fex" path="IBFS:/WFC/Repository/Dynamics_Reporting/Sales/InfoAssist/Dashboards/Pipeline_Dashboard/pipeline_by_stage.fex"/>
                            </folder>
                        </folder>
                        <item dummy="false" handle="772aa8bb_1522_4d4f_b3bf_0b2243998cca" name="Geographic_Coverage_by_BDs.fex" path="IBFS:/WFC/Repository/Dynamics_Reporting/Sales/InfoAssist/Geographic_Coverage_by_BDs.fex"/>
                        <item dummy="false" handle="acc07da4_a547_4c08_8de0_e67a3416e999" name="International_Wins_by_BD.fex" path="IBFS:/WFC/Repository/Dynamics_Reporting/Sales/InfoAssist/International_Wins_by_BD.fex"/>
                        <item dummy="false" handle="0941f482_e641_4cbc_88bb_92f68170e7ca" name="NSO_Split_Opps.fex" path="IBFS:/WFC/Repository/Dynamics_Reporting/Sales/InfoAssist/NSO_Split_Opps.fex"/>
                        <item dummy="false" handle="75a94989_5148_4b47_9727_9d7c78db6012" name="Opp_Stage_Progression_02a774c3_7cb0_475b_90fb_93c0d7905734.fex" path="IBFS:/WFC/Repository/Dynamics_Reporting/Sales/InfoAssist/Opp_Stage_Progression_02a774c3_7cb0_475b_90fb_93c0d7905734.fex"/>
                        <item dummy="false" handle="e0b9ff68_6ba3_4bd5_93b4_56027f99d4aa" name="RAS_Tax__Strategic_Initiation_10_Wins.fex" path="IBFS:/WFC/Repository/Dynamics_Reporting/Sales/InfoAssist/RAS_Tax__Strategic_Initiation_10_Wins.fex"/>
                        <item dummy="false" handle="50f456f9_567f_4f21_91e0_1c29409c7a1a" name="Service_Mix.fex" path="IBFS:/WFC/Repository/Dynamics_Reporting/Sales/InfoAssist/Service_Mix.fex"/>
                    </folder>
                    <folder dummy="false" handle="f20aa202_2128_484d_a7d2_ad9d6952a672" name="InfoMini" path="IBFS:/WFC/Repository/Dynamics_Reporting/Sales/InfoMini">
                        <item dummy="false" handle="db20bc32_d9ee_445a_aeb5_5e4a8525c114" name="BD_Booked_Revenue_Annuity_InfoMini.fex" path="IBFS:/WFC/Repository/Dynamics_Reporting/Sales/InfoMini/BD_Booked_Revenue_Annuity_InfoMini.fex"/>
                        <item dummy="false" handle="3b3d6c87_5165_4dff_8669_cb2f5970e9d1" name="Geographic_Coverage_by_BDs_InfoMini.fex" path="IBFS:/WFC/Repository/Dynamics_Reporting/Sales/InfoMini/Geographic_Coverage_by_BDs_InfoMini.fex"/>
                        <item dummy="false" handle="42015836_50e5_416a_8a75_16dde2de98e2" name="International_Wins_by_BD_InfoMini.fex" path="IBFS:/WFC/Repository/Dynamics_Reporting/Sales/InfoMini/International_Wins_by_BD_InfoMini.fex"/>
                        <item dummy="false" handle="82aa5898_37b0_47b4_95c6_14739282a37a" name="NSO_Split_Opps_InfoMini.fex" path="IBFS:/WFC/Repository/Dynamics_Reporting/Sales/InfoMini/NSO_Split_Opps_InfoMini.fex"/>
                        <item dummy="false" handle="6b5e364c_6257_4d28_9e23_a6d5fe5d1576" name="Opp_Stage_Progression_InfoMini.fex" path="IBFS:/WFC/Repository/Dynamics_Reporting/Sales/InfoMini/Opp_Stage_Progression_InfoMini.fex"/>
                        <item dummy="false" handle="f3167558_2a0f_4479_bb43_541226ab7257" name="RAS_Tax_Strategic_Initiation_10_Wins_InfoMini.fex" path="IBFS:/WFC/Repository/Dynamics_Reporting/Sales/InfoMini/RAS_Tax_Strategic_Initiation_10_Wins_InfoMini.fex"/>
                        <item dummy="false" handle="0878439f_d986_4f37_ad7f_b01b27ebd647" name="Service_Mix_InfoMini.fex" path="IBFS:/WFC/Repository/Dynamics_Reporting/Sales/InfoMini/Service_Mix_InfoMini.fex"/>
                    </folder>
                    <folder dummy="false" handle="723a71f4_f59e_4283_99a6_6ae16e335b1f" name="Public" path="IBFS:/WFC/Repository/Dynamics_Reporting/Sales/Public"/>
                </folder>
                <folder dummy="false" handle="0166832c_7109_4ae6_95a1_788a4acd4058" name="Utilities" path="IBFS:/WFC/Repository/Dynamics_Reporting/Utilities">
                    <item dummy="false" handle="6e098e20_13e8_4cc0_8542_05fcdb5b4bc3" name="CreateLookupViewLogic.fex" path="IBFS:/WFC/Repository/Dynamics_Reporting/Utilities/CreateLookupViewLogic.fex"/>
                    <item dummy="false" handle="810b6810_b0d2_4da9_8f0d_99d63ef7e96b" name="CreateLookupViews.fex" path="IBFS:/WFC/Repository/Dynamics_Reporting/Utilities/CreateLookupViews.fex"/>
                    <item dummy="false" handle="4c0168ad_d1dc_4134_b250_7014e59db56b" name="CreateSplitOwnersTable.fex" path="IBFS:/WFC/Repository/Dynamics_Reporting/Utilities/CreateSplitOwnersTable.fex"/>
                </folder>
            </folder>
        </folder>
    </folder>
</folder>
