<?xml version="1.0" encoding="UTF-8" standalone="no"?><rootObject _jt="ArrayList" size="11"><item class="com.ibi.ibfs.impex.IBFSImpExObject" dummy="false" fromSecurity="true" index="0"><resource _jt="IBFSRuleObject" compLvl="9999" dummy="false" length="0" pSetName="DomainAdvancedUser" resPathName="IBFS:/WFC/Repository/Dynamics_Reporting" subject="CRM_REPORTS/AdvancedUsers" subjectType="G" type="Rule"><verb _jt="IBSSVerb" name="PERMIT"/><applyTo class="com.ibi.ibss.IBSSApplyTo" name="FOLDER_AND_CHILDREN"/></resource><children class="java.util.TreeMap"/></item><item class="com.ibi.ibfs.impex.IBFSImpExObject" dummy="false" fromSecurity="true" index="1"><resource _jt="IBFSRuleObject" compLvl="9999" dummy="false" length="0" pSetName="DomainDeveloper" resPathName="IBFS:/WFC/Repository/Dynamics_Reporting" subject="CRM_REPORTS/Developers" subjectType="G" type="Rule"><verb _jt="IBSSVerb" name="PERMIT"/><applyTo class="com.ibi.ibss.IBSSApplyTo" name="FOLDER_AND_CHILDREN"/></resource><children class="java.util.TreeMap"/></item><item class="com.ibi.ibfs.impex.IBFSImpExObject" dummy="false" fromSecurity="true" index="2"><resource _jt="IBFSRuleObject" compLvl="9999" dummy="false" length="0" pSetName="DomainGroupAdminRestrictions" resPathName="IBFS:/WFC/Repository/Dynamics_Reporting" subject="CRM_REPORTS/GroupAdmins" subjectType="G" type="Rule"><verb _jt="IBSSVerb" name="DENY"/><applyTo class="com.ibi.ibss.IBSSApplyTo" name="FOLDER_ONLY"/></resource><children class="java.util.TreeMap"/></item><item class="com.ibi.ibfs.impex.IBFSImpExObject" dummy="false" fromSecurity="true" index="3"><resource _jt="IBFSRuleObject" compLvl="9999" dummy="false" length="0" pSetName="BasicUser" resPathName="IBFS:/WFC/Repository/Dynamics_Reporting" subject="Dynamics_Reporting/BI_Developer" subjectType="G" type="Rule"><verb _jt="IBSSVerb" name="OVERPERMIT"/><applyTo class="com.ibi.ibss.IBSSApplyTo" name="FOLDER_AND_CHILDREN"/></resource><children class="java.util.TreeMap"/></item><item class="com.ibi.ibfs.impex.IBFSImpExObject" dummy="false" fromSecurity="true" index="4"><resource _jt="IBFSRuleObject" compLvl="9999" dummy="false" length="0" pSetName="DomainBasicUser" resPathName="IBFS:/WFC/Repository/Dynamics_Reporting" subject="CRM_REPORTS/BasicUsers" subjectType="G" type="Rule"><verb _jt="IBSSVerb" name="PERMIT"/><applyTo class="com.ibi.ibss.IBSSApplyTo" name="FOLDER_AND_CHILDREN"/></resource><children class="java.util.TreeMap"/></item><item class="com.ibi.ibfs.impex.IBFSImpExObject" dummy="false" fromSecurity="true" index="5"><resource _jt="IBFSRuleObject" compLvl="9999" dummy="false" length="0" pSetName="DomainGroupAdmin" resPathName="IBFS:/WFC/Repository/Dynamics_Reporting" subject="CRM_REPORTS/GroupAdmins" subjectType="G" type="Rule"><verb _jt="IBSSVerb" name="PERMIT"/><applyTo class="com.ibi.ibss.IBSSApplyTo" name="FOLDER_AND_CHILDREN"/></resource><children class="java.util.TreeMap"/></item><item class="com.ibi.ibfs.impex.IBFSImpExObject" dummy="false" fromSecurity="true" index="6"><resource _jt="IBFSRuleObject" compLvl="9999" dummy="false" length="0" pSetName="DomainDeveloperRestrictions" resPathName="IBFS:/WFC/Repository/Dynamics_Reporting" subject="CRM_REPORTS/Developers" subjectType="G" type="Rule"><verb _jt="IBSSVerb" name="DENY"/><applyTo class="com.ibi.ibss.IBSSApplyTo" name="FOLDER_ONLY"/></resource><children class="java.util.TreeMap"/></item><item class="com.ibi.ibfs.impex.IBFSImpExObject" dummy="false" fromSecurity="true" index="7"><resource _jt="IBFSRuleObject" compLvl="9999" dummy="false" length="0" pSetName="DomainBasicUser" resPathName="IBFS:/WFC/Repository/Dynamics_Reporting/Sales" subject="Dynamics_Reporting/BI_Developer" subjectType="G" type="Rule"><verb _jt="IBSSVerb" name="PERMIT"/><applyTo class="com.ibi.ibss.IBSSApplyTo" name="FOLDER_ONLY"/></resource><children class="java.util.TreeMap"/></item><item class="com.ibi.ibfs.impex.IBFSImpExObject" dummy="false" fromSecurity="true" index="8"><resource _jt="IBFSRuleObject" compLvl="9999" dummy="false" length="0" pSetName="DomainBasicUser" resPathName="IBFS:/WFC/Repository/Dynamics_Reporting/Sales/Public" subject="Dynamics_Reporting/BI_Developer" subjectType="G" type="Rule"><verb _jt="IBSSVerb" name="PERMIT"/><applyTo class="com.ibi.ibss.IBSSApplyTo" name="FOLDER_AND_CHILDREN"/></resource><children class="java.util.TreeMap"/></item><item class="com.ibi.ibfs.impex.IBFSImpExObject" dummy="false" fromSecurity="true" index="9"><resource _jt="IBFSRuleObject" compLvl="9999" dummy="false" length="0" pSetName="DomainDeveloper" resPathName="IBFS:/WFC/Repository/Dynamics_Reporting/Sales/InfoAssist" subject="Dynamics_Reporting/BI_Developer" subjectType="G" type="Rule"><verb _jt="IBSSVerb" name="PERMIT"/><applyTo class="com.ibi.ibss.IBSSApplyTo" name="FOLDER_AND_CHILDREN"/></resource><children class="java.util.TreeMap"/></item><item class="com.ibi.ibfs.impex.IBFSImpExObject" dummy="false" fromSecurity="true" index="10"><resource _jt="IBFSRuleObject" compLvl="9999" dummy="false" length="0" pSetName="DomainBasicUser" resPathName="IBFS:/WFC/Repository/Dynamics_Reporting/Common" subject="Dynamics_Reporting/BI_Developer" subjectType="G" type="Rule"><verb _jt="IBSSVerb" name="PERMIT"/><applyTo class="com.ibi.ibss.IBSSApplyTo" name="FOLDER_AND_CHILDREN"/></resource><children class="java.util.TreeMap"/></item></rootObject>