<?xml version="1.0" encoding="UTF-8" standalone="no"?><rootObject _jt="ArrayList" size="11"><item class="com.ibi.ibfs.objects.IBFSUserGroupMapping" dummy="false" groupFullPath="IBFS:/SSYS/GROUPS/CRM_REPORTS/AdvancedUsers" index="0" length="0" type="unknownType"><userNames _jt="ArrayList" size="0"/></item><item class="com.ibi.ibfs.objects.IBFSUserGroupMapping" dummy="false" groupFullPath="IBFS:/SSYS/GROUPS/CRM_REPORTS/Developers" index="1" length="0" type="unknownType"><userNames _jt="ArrayList" size="0"/></item><item class="com.ibi.ibfs.objects.IBFSUserGroupMapping" dummy="false" groupFullPath="IBFS:/SSYS/GROUPS/CRM_REPORTS/GroupAdmins" index="2" length="0" type="unknownType"><userNames _jt="ArrayList" size="0"/></item><item class="com.ibi.ibfs.objects.IBFSUserGroupMapping" dummy="false" groupFullPath="IBFS:/SSYS/GROUPS/Dynamics_Reporting/BI_Developer" index="3" length="0" type="unknownType"><userNames _jt="ArrayList" size="0"/></item><item class="com.ibi.ibfs.objects.IBFSUserGroupMapping" dummy="false" groupFullPath="IBFS:/SSYS/GROUPS/CRM_REPORTS/BasicUsers" index="4" length="0" type="unknownType"><userNames _jt="ArrayList" size="0"/></item><item class="com.ibi.ibfs.objects.IBFSUserGroupMapping" dummy="false" groupFullPath="IBFS:/SSYS/GROUPS/CRM_REPORTS/GroupAdmins" index="5" length="0" type="unknownType"><userNames _jt="ArrayList" size="0"/></item><item class="com.ibi.ibfs.objects.IBFSUserGroupMapping" dummy="false" groupFullPath="IBFS:/SSYS/GROUPS/CRM_REPORTS/Developers" index="6" length="0" type="unknownType"><userNames _jt="ArrayList" size="0"/></item><item class="com.ibi.ibfs.objects.IBFSUserGroupMapping" dummy="false" groupFullPath="IBFS:/SSYS/GROUPS/Dynamics_Reporting/BI_Developer" index="7" length="0" type="unknownType"><userNames _jt="ArrayList" size="0"/></item><item class="com.ibi.ibfs.objects.IBFSUserGroupMapping" dummy="false" groupFullPath="IBFS:/SSYS/GROUPS/Dynamics_Reporting/BI_Developer" index="8" length="0" type="unknownType"><userNames _jt="ArrayList" size="0"/></item><item class="com.ibi.ibfs.objects.IBFSUserGroupMapping" dummy="false" groupFullPath="IBFS:/SSYS/GROUPS/Dynamics_Reporting/BI_Developer" index="9" length="0" type="unknownType"><userNames _jt="ArrayList" size="0"/></item><item class="com.ibi.ibfs.objects.IBFSUserGroupMapping" dummy="false" groupFullPath="IBFS:/SSYS/GROUPS/Dynamics_Reporting/BI_Developer" index="10" length="0" type="unknownType"><userNames _jt="ArrayList" size="0"/></item></rootObject>